,제목,저자,출판사,출판일,정가
0,세이노의 가르침,세이노 저,데이원,2023년 03월,7200.0
1,김미경의 마흔 수업,김미경 저,어웨이크북스,2023년 02월,18000.0
2,"살 때, 팔 때, 벌 때",강영현 저,21세기북스,2023년 03월,22000.0
3,스즈메의 문단속,신카이 마코토 저/민경욱 역,대원씨아이(단행)(대원키즈),2023년 01월,13000.0
4,아버지의 해방일지,정지아 저,창비,2022년 09월,15000.0
5,1퍼센트 부자의 법칙,사이토 히토리 저/김진아 역,나비스쿨(NAVI SCHOOL),2023년 01월,17000.0
6,만일 내가 인생을 다시 산다면 (30만 부 기념 스페셜 에디션),김혜남 저,메이븐,2022년 11월,17200.0
7,K 배터리 레볼루션,박순혁 저,지와인,2023년 02월,19000.0
8,고양이 해결사 깜냥 5,홍민정 글/김재희 그림,창비,2023년 02월,11000.0
9,브라질에 비가 내리면 스타벅스 주식을 사라,피터 나바로 저/이창식 역,에프엔미디어,2022년 04월,18000.0
10,타이탄의 도구들 (블랙 에디션),"팀 페리스 저/박선령,정지현 역",토네이도,2022년 06월,18000.0
11,불편한 편의점,김호연 저,나무옆의자,2021년 04월,14000.0
12,설민석의 한국사 대모험 24,"설민석,스토리박스 글/정현희 그림/강석화 감수",단꿈아이,2023년 02월,13000.0
13,원씽 THE ONE THING,"제이 파파산,게리 켈러 저/구세희 역",비즈니스북스,2013년 08월,14000.0
14,내면소통,김주환 저,인플루엔셜,2023년 02월,33000.0
15,사장학개론,김승호 저,스노우폭스북스,2023년 04월,25000.0
16,나는 대한민국 검사였다,이인규 저,조갑제닷컴,2023년 03월,20000.0
17,불편한 편의점 2,김호연 저,나무옆의자,2022년 08월,14000.0
18,ETS 토익 정기시험 기출문제집 1000 Vol.3 READING 리딩 ,ETS 저,YBM(와이비엠),2021년 12월,17800.0
19,흔한남매 과학 탐험대 7 생물 1,"흔한남매 원저/이현진,김언정 글/김덕영 그림/최진수,권경아,김희목,정현철 기획",주니어김영사,2023년 03월,14000.0
20,챗GPT : 마침내 찾아온 특이점,반병현 저,생능북스,2023년 02월,13000.0
21,이상한 과자 가게 전천당 17,히로시마 레이코 글/쟈쟈 그림/김정화 역,길벗스쿨,2023년 03월,13000.0
22,슬램덩크 리소스-THE FIRST SLAM DUNK re:SOURCE,이노우에 타케히코 글그림,대원,2023년 02월,20000.0
23,ETS 토익 정기시험 기출문제집 1000 Vol.3 LISTENING 리스닝  ,ETS 저,YBM(와이비엠),2021년 12월,17800.0
24,상처 주는 말 하는 친구에게 똑똑하게 말하는 법,김윤나 글/유영근 그림,북라이프,2023년 02월,13000.0
25,"2023 큰별쌤 최태성의 별별한국사 한국사능력검정시험 심화(1,2,3급) 상",최태성 저,이투스북,2022년 12월,15500.0
26,156층 나무 집,앤디 그리피스 글/테리 덴톤 그림/신수진 역,시공주니어,2023년 02월,14000.0
27,"2023 큰별쌤 최태성의 별별한국사 한국사능력검정시험 심화(1,2,3급) 하",최태성 저,이투스북,2022년 12월,15000.0
28,역행자,자청 저,웅진지식하우스,2022년 05월,17500.0
29,거인의 노트,김익한 저,다산북스,2023년 03월,18000.0
30,해커스 토익 기출  VOCA 보카,데이비드 조 저,해커스어학연구소,2020년 03월,12900.0
31,조셉 머피 잠재의식의 힘,조셉 머피 저/조율리 역,다산북스,2023년 02월,19000.0
32,효기심의 권력으로 읽는 세계사 - 유럽편,효기심(최영효) 저,다산초당,2023년 03월,19800.0
33,부자 아빠 가난한 아빠 20주년 특별 기념판,로버트 기요사키 저/안진환 역,민음인,2018년 02월,17000.0
34,기적의 집밥책,김해진 저,청림Life,2023년 03월,20000.0
35,"오늘 밤, 세계에서 이 사랑이 사라진다 해도",이치조 미사키 저/권영주 역,모모,2021년 06월,14000.0
36,슬램덩크 신장재편판 1,이노우에 타케히코 글그림,대원,2018년 08월,7000.0
37,한국형 가치투자,"최준철,김민국 저",이콘,2023년 03월,18000.0
38,구의 증명,최진영 저,은행나무,2015년 03월,8000.0
39,물고기는 존재하지 않는다,룰루 밀러 저/정지인 역,곰출판,2021년 12월,17000.0
40,슬램덩크 신장재편판 6,이노우에 타케히코 글그림,대원,2018년 08월,7000.0
41,슬램덩크 신장재편판 19,이노우에 타케히코 글그림,대원,2018년 11월,7000.0
42,슬램덩크 신장재편판 2,이노우에 타케히코 글그림,대원,2018년 08월,6500.0
43,슬램덩크 신장재편판 4,이노우에 타케히코 글그림,대원,2018년 08월,7000.0
44,슬램덩크 신장재편판 20,이노우에 타케히코 글그림,대원,2018년 11월,7000.0
45,슬램덩크 신장재편판 3,이노우에 타케히코 글그림,대원,2018년 08월,7000.0
46,슬램덩크 신장재편판 5,이노우에 타케히코 글그림,대원,2018년 08월,7000.0
47,슬램덩크 신장재편판 16,이노우에 타케히코 글그림,대원,2018년 11월,7000.0
48,생기부 필독서 100,"주경아,정재화,방희조,이재환,이현규 저",센시오,2023년 03월,22000.0
49,슬램덩크 신장재편판 17,이노우에 타케히코 글그림,대원,2018년 11월,7000.0
50,슬램덩크 신장재편판 18,이노우에 타케히코 글그림,대원,2018년 11월,6500.0
51,슬램덩크 신장재편판 15,이노우에 타케히코 글그림,대원,2018년 11월,7500.0
52,세상의 마지막 기차역,무라세 다케시 저/김지연 역,모모,2022년 05월,14000.0
53,슬램덩크 신장재편판 7,이노우에 타케히코 글그림,대원,2018년 09월,7500.0
54,돈의 속성 200쇄 리커버,김승호 저,스노우폭스북스,2020년 06월,17800.0
55,슬램덩크 신장재편판 8,이노우에 타케히코 글그림,대원,2018년 09월,7500.0
56,주식 시세의 비밀,정재호 저,프런트페이지,2023년 02월,22000.0
57,긴긴밤,루리 글그림,문학동네,2021년 02월,11500.0
58,슬램덩크 신장재편판 9,이노우에 타케히코 글그림,대원,2018년 09월,7500.0
59,이은경쌤의 초등어휘일력 365 ,이은경 저,포레스트북스,2022년 10월,18800.0
60,슬램덩크 신장재편판 11,이노우에 타케히코 글그림,대원,2018년 10월,7000.0
61,슬램덩크 신장재편판 14,이노우에 타케히코 글그림,대원,2018년 10월,7000.0
62,슬램덩크 신장재편판 10,이노우에 타케히코 글그림,대원,2018년 09월,7000.0
63,슬램덩크 신장재편판 13,이노우에 타케히코 글그림,대원,2018년 10월,6500.0
64,조금 더 헤매어도 괜찮아,"이민경,한혜윤,윤세리,김열매,김동건,이준길,감민주,김태엽,박지연 저",매일경제신문사,2023년 03월,15000.0
65,슬램덩크 신장재편판 12,이노우에 타케히코 글그림,대원,2018년 10월,7000.0
66,당신은 생각보다 강하다,전미경 저,웅진지식하우스,2023년 03월,17000.0
67,불량한 자전거 여행 ,김남중 저/허태준 그림,창비,2009년 07월,10800.0
68,흔한남매 이상한 나라의 고전 읽기 3,최재훈 글/정주연 그림/흔한남매 감수,미래엔아이세움,2023년 03월,14000.0
69,지적 대화를 위한 넓고 얕은 지식 1,채사장 저,웨일북,2020년 02월,16000.0
70,데일 카네기 인간관계론,데일 카네기 저/임상훈 역,현대지성,2019년 10월,11500.0
71,초거대 위협,누리엘 루비니 저/박슬라 역,한국경제신문사(한경비피),2023년 02월,25000.0
72,진짜 쓰는 실무 엑셀,전진권 저,제이펍,2022년 02월,21000.0
73,건강과 다이어트를 동시에 잡는 7대 3의 법칙 채소·과일식,조승우 저,바이북스,2022년 10월,19000.0
74,초수익 성장주 투자,마크 미너비니 저/김태훈 역/김대현 감수,이레미디어,2023년 03월,25000.0
75,"2023 큰별쌤 최태성의 별별한국사 기출 500제 한국사능력검정시험 심화(1,2,3급)",최태성 저,이투스북,2023년 01월,19500.0
76,당신은 결국 무엇이든 해내는 사람,김상현 저,필름,2022년 04월,15000.0
77,GPT 제너레이션 : 챗GPT가 바꿀 우리 인류의 미래,이시한 저,북모먼트,2023년 02월,19000.0
78,생에 감사해,김혜자 저,수오서재,2022년 12월,17000.0
79,마법천자문 57,유대영 글/정수영 그림/강용철 감수,아울북,2023년 02월,14000.0
80,세상 끝의 카페,존 스트레레키 저/고상숙 역,클레이하우스,2023년 02월,16500.0
81,마흔에 읽는 니체 (10만부 리커버 에디션),장재형 저,유노북스,2022년 09월,16000.0
82,당신도 느리게 나이 들 수 있습니다,정희원 저,더퀘스트,2023년 01월,17800.0
83,멈출 수 없는 우리 1,유발 하라리 글/리카르드 사플라나 루이스 그림/김명주 역,주니어김영사,2023년 02월,14800.0
84,그릿 (50만 부 판매 기념 리커버 골드에디션),앤절라 더크워스 저/김미정 역,비즈니스북스,2019년 02월,18000.0
85,2023 에듀윌 공인중개사 김민석 합격서 부동산공시법,김민석 편저,에듀윌,2023년 01월,15000.0
86,조국의 법고전 산책,조국 저,오마이북,2022년 11월,22000.0
87,데일 카네기 자기관리론,데일 카네기 저/임상훈 역,현대지성,2021년 01월,11500.0
88,설민석의 세계사 대모험 16,"김정욱,설민석 글/박성일 그림/김장구 감수",단꿈아이,2023년 03월,13000.0
89,이기적 유전자 The Selfish Gene,"리처드 도킨스 저/홍영남,이상임 역",을유문화사,2018년 10월,20000.0
90,악인론,손수현 저,다산북스,2023년 02월,18500.0
91,코스모스,칼 에드워드 세이건 저/홍승수 역,사이언스북스,2006년 12월,19900.0
92,설민석의 삼국지 대모험 11,단꿈아이 글/스튜디오 담 그림,단꿈아이,2023년 03월,11000.0
93,읽으면서 바로 써먹는 어린이 맞춤법 행성,한날 글그림,파란정원,2023년 02월,13000.0
94,2023 에듀윌 공인중개사 한영규 합격서 부동산세법,한영규 편저,에듀윌,2023년 01월,14000.0
95,나도 상처 받지 않고 친구도 상처 받지 않는 말하기 연습,강승임 글/김규정 그림,위즈덤하우스,2023년 02월,13500.0
96,체리새우 : 비밀글입니다,황영미 저,문학동네,2019년 01월,11500.0
97,에그박사 9,에그박사 원저/박송이 글/홍종현 그림/이승현 감수,미래엔아이세움,2023년 03월,14500.0
98,2023 에듀윌 공인중개사 1차 단원별 기출문제집 ,"이영방,심정욱 편저",에듀윌,2023년 01월,34000.0
99,기분이 태도가 되지 말자,김수현 저,하이스트,2022년 11월,16000.0
100,레버리지,롭 무어 저/김유미 역,다산북스,2023년 02월,18000.0
101,2023 선재국어 실전 봉투 모의고사 1,이선재 편저,에스티유니타스,2023년 03월,14500.0
102,보이지 않는 곳에서 애쓰고 있는 너에게,최대호 저,떠오름,2021년 12월,10800.0
103,미스터 프레지던트,탁현민 저,메디치미디어,2023년 01월,22000.0
104,장하준의 경제학 레시피,장하준 저/김희정 역,부키,2023년 03월,18000.0
105,메리골드 마음 세탁소,윤정은 저,북로망스,2023년 03월,15000.0
106,스즈메의 문단속 스페셜 에디션,신카이 마코토 저/민경욱 역,대원씨아이(단행)(대원키즈),2023년 01월,43000.0
107,나의 히어로 아카데미아 37 트리플 특장판,호리코시 코헤이 글그림/오경화 역,서울미디어코믹스(서울문화사),2023년 03월,6000.0
108,나는 3학년 2반 7번 애벌레,김원아 글/이주희 그림,창비,2016년 03월,9000.0
109,서울대생의 비밀과외,안소린 저,다산에듀,2023년 03월,18000.0
110,DO IT 두 잇,데이비드 차 저,아크,2023년 02월,20000.0
111,2023 해커스 토익 RC 리딩(Reading) 토익 기본서 ,데이비드 조 저,해커스어학연구소,2023년 01월,18800.0
112,2023 이동기 영어 국가직 대비 적중모의고사,이동기 편저,에스티유니타스,2023년 03월,12000.0
113,5천만 원으로 시작하는 미라클 기적의 재개발 재건축,장미진 저,리더스북,2023년 02월,20000.0
114,2023 에듀윌 공인중개사 이영방 합격서 부동산학개론,이영방 편저,에듀윌,2023년 01월,16000.0
115,네 기분은 어떤 색깔이니?,최숙희 글그림,책읽는곰,2023년 01월,14000.0
116,"오늘 밤, 세계에서 이 눈물이 사라진다 해도",이치조 미사키 저/김윤경 역,모모,2022년 07월,14000.0
117,참을 수 없는 존재의 가벼움,밀란 쿤데라 저/이재룡 역,민음사,2018년 06월,15000.0
118,키위엔 영어회화 하루 5분의 기적,박강준 저,키위엔,2022년 12월,19500.0
119,Go Go 카카오프렌즈 27 스위스,김미영 글/김정한 그림,아울북,2023년 02월,14800.0
120,2023 써니 행정법총론 실전동형 모의고사 ,박준철 편저,지금(도서출판),2023년 03월,12000.0
121,혼공쌤의 초등만화영문법 (상),허준석 글/최정화 그림,길벗스쿨,2023년 02월,14000.0
122,"나태주, 시간의 쉼표",나태주 글그림,서울문화사,2020년 11월,15800.0
123,"총, 균, 쇠",재레드 다이아몬드 저/김진준 역,문학사상,2005년 12월,28000.0
124,예의 없는 친구들을 대하는 슬기로운 말하기 사전,김원아 글/김소희 그림,사계절,2022년 01월,13000.0
125,"다정한 말, 단단한 말",고정욱 글/릴리아 그림,우리학교,2022년 10월,15500.0
126,2023 에듀윌 스포츠지도사 필기 한권끝장,"정수봉,원효리,이준영,이성열,임다연,이재우 편저",에듀윌,2022년 09월,31000.0
127,고양이 해결사 깜냥 1 ,홍민정 글/김재희 그림,창비,2020년 03월,11000.0
128,2023 에듀윌 공인중개사 임선정 합격서 공인중개사법령 및 중개실무,임선정 저,에듀윌,2023년 01월,15000.0
129,ETS 토익기출 파트별 VOCA 보카,ETS 저,YBM(와이비엠),2022년 12월,13000.0
130,2023 에듀윌 공인중개사 심정욱 합격서 민법 및 민사특별법,심정욱 편저,에듀윌,2023년 01월,16000.0
131,내가 틀릴 수도 있습니다 (리커버 에디션),비욘 나티코 린데블라드 저/토마스 산체스 그림/박미경 역,다산초당,2022년 04월,16000.0
132,무조건 합격하는 암기의 기술 ,이윤규 저,더퀘스트,2023년 01월,18800.0
133,사람이 보인다 관상백과,편집부 저,움터미디어,2012년 09월,2200.0
134,"궁금했어, 뇌과학",유윤한 글/나수은 그림,나무생각,2020년 12월,12800.0
135,오십에 읽는 순자,최종엽 저,유노북스,2023년 03월,17000.0
136,정재승의 인간 탐구 보고서 11,"정재은,이고은 글/김현민 그림/정재승 기획",아울북,2023년 03월,15800.0
137,"마흔, 다시 만날 것처럼 헤어져라 ",조우성 저,서삼독,2023년 03월,17000.0
138,5년 후 나에게 Q&A a day(2023 Sandglass Edition),포터 스타일 저/정지현 역,토네이도,2022년 11월,22000.0
139,5번 레인,은소홀 저/노인경 그림,문학동네,2020년 09월,12500.0
140,오백 년째 열다섯 2,김혜정 저,위즈덤하우스,2023년 02월,13500.0
141,부의 추월차선 (10주년 스페셜 에디션),엠제이 드마코 저/신소영 역,토트출판사,2022년 02월,17500.0
142,이준석의 거부할 수 없는 미래,이준석 저,21세기북스,2023년 03월,22000.0
143,트렌드 코리아 2023 ,"김난도,전미영,최지혜,이수진,권정윤,이준영,이향은,한다혜,이혜원,추예린 저",미래의창,2022년 10월,19000.0
144,신기한 맛 도깨비 식당 4,"김용세,김병섭 글/센개 그림",꿈터,2023년 03월,13000.0
145,마케팅 설계자,러셀 브런슨 저/이경식 역,윌북(willbook),2022년 12월,24800.0
146,2023 해커스 GSAT 삼성직무적성검사 통합 기본서 최신기출유형+실전모의고사 (수리논리/추리)  ,해커스 취업교육연구소 저,챔프스터디,2023년 01월,23900.0
147,챗GPT 기회를 잡는 사람들 ,장민 저,알투스,2023년 03월,18000.0
148,흔한남매 수수께끼 어드벤처 2,"흔한남매 원저/노지영 글/도니패밀리 그림/흔한컴퍼니,정재형 감수",미래엔아이세움,2023년 02월,14000.0
149,2023 박문각 공인중개사 박문각 익힘장 2차 부동산공시법령,박윤모 편저,박문각,2023년 02월,8000.0
150,데미안,헤르만 헤세 저/전영애 역,민음사,2000년 12월,8000.0
151,지적 대화를 위한 넓고 얕은 지식 제로,채사장 저,웨일북,2019년 12월,19800.0
152,인스타 브레인,안데르스 한센 저/김아영 역,동양북스(동양books),2020년 05월,15000.0
153,인간 실격,다자이 오사무 저,민음사,2004년 05월,9000.0
154,2023 해커스 토익 LC 리스닝(Listening) 토익 기본서 ,데이비드 조 저,해커스어학연구소,2023년 01월,18800.0
155,사피엔스 (양장 특별판),유발 하라리 저/조현욱 역,김영사,2023년 01월,30000.0
156,그리스 로마 신화 32,박시연 글/최우빈 그림/김헌 감수,아울북,2023년 02월,15000.0
157,문학을 열다 세트,"에토프 이나영 그림/김유정,이상,황순원,오 헨리,알베르 까뮈,박지원,혜경궁 홍씨 등저",스푼북,2020년 09월,75000.0
158,혼공쌤의 초등만화영문법 (하),허준석 글/최정화 그림,길벗스쿨,2023년 02월,14000.0
159,맨큐의 경제학,"N. Gregory Mankiw 저 / 김경환,김종석 공역",센게이지러닝(Cengage Learning),2021년 02월,45000.0
160,지적 대화를 위한 넓고 얕은 지식 2,채사장 저,웨일북,2020년 02월,16000.0
161,돈의 심리학,모건 하우절 저/이지연 역,인플루엔셜,2021년 01월,19800.0
162,백년허리2 치료편,정선근 저,언탱글링,2021년 05월,18500.0
163,모든 것은 기본에서 시작한다,손웅정 저,수오서재,2021년 10월,16000.0
164,해커스 일본어 첫걸음 : 일본어 기초 20일 독학 완성!,해커스 일본어연구소 저,해커스어학연구소,2021년 07월,13900.0
165,하얼빈,김훈 저,문학동네,2022년 08월,16000.0
166,세계를 건너 너에게 갈게,이꽃님 저,문학동네,2018년 02월,12500.0
167,세컨드 브레인 ,티아고 포르테 저/서은경 역,쌤앤파커스,2023년 03월,16800.0
168,스즈키 바이올린 교본 1,편집부,세광음악출판사,2009년 12월,12000.0
169,정세현의 통찰,정세현 저,푸른숲,2023년 02월,19000.0
170,클루지,개리 마커스 저/최호영 역,갤리온,2008년 11월,13800.0
171,2023 수제비 정보처리기사 실기 1권+2권 합본세트,NCS 정보처리기술사 연구회 저,건기원,2023년 02월,40000.0
172,죽이고 싶은 아이,이꽃님 저,우리학교,2021년 06월,12500.0
173,달러구트 꿈 백화점 ,이미예 저,팩토리나인,2020년 07월,13800.0
174,슬램덩크 챔프 ,이노우에 타케히코 글그림,대원,2023년 01월,15000.0
175,히카루가 죽은 여름 1 ,모쿠모쿠렌 글그림/송재희 역,디앤씨미디어(D&C미디어),2023년 03월,6000.0
176,2023 이유진 국어 필사즉생 모의고사 백일기도 3 - 독해강화,"이유진,최형우 편저",고시동네,2023년 03월,19000.0
177,회사는 엑셀을 가르쳐주지 않아요,쏘피(박성희) 저,메가스터디북스,2022년 09월,18000.0
178,ETS 토익 단기공략 750+ (LC+RC),ETS 저,YBM(와이비엠),2020년 08월,18000.0
179,흔한남매의 흔한 호기심 8,"흔한남매 원저/안치현 글/유난희 그림/흔한컴퍼니,이정모 감수",미래엔아이세움,2023년 01월,14000.0
180,타키 포오의 이세계 여행사 1,캐릭온TV 원저/스튜디오 왓츠비 글그림,대원씨아이(단행)(대원키즈),2023년 02월,13000.0
181,작별인사,김영하 저,복복서가,2022년 09월,14000.0
182,이토록 평범한 미래,김연수 저,문학동네,2022년 10월,14000.0
183,조선 미술관,탁현규 저,블랙피쉬,2023년 02월,16800.0
184,챗GPT에게 묻는 인류의 미래,"김대식,챗GPT 저",동아시아,2023년 02월,16000.0
185,세상에서 가장 쉬운 본질육아 [러브드 에디션],지나영 저,21세기북스,2022년 09월,18800.0
186,미드나잇 라이브러리 : 평행우주 에디션,매트 헤이그 저/노진선 역,인플루엔셜,2021년 04월,15800.0
187,아주 작은 습관의 힘,제임스 클리어 저/이한이 역,비즈니스북스,2019년 02월,16000.0
188,타키 포오 코믹 어드벤처 1 ,캐릭온TV 원저/김규태 그림/안도감 편저,대원씨아이(단행)(대원키즈),2023년 03월,13000.0
189,2023 에듀윌 공인중개사 2차 1교시 단원별 기출문제집,"임선정,오시훈 편저",에듀윌,2023년 01월,29000.0
190,오베라는 남자,프레드릭 배크만 저/최민우 역,다산책방,2023년 03월,16800.0
191,"하루 한 장, 인생 그림",이소영 저,알에이치코리아(RHK),2023년 02월,32000.0
192,이어령의 마지막 수업,"김지수,이어령 저",열림원,2021년 10월,16500.0
193,내가 모르는 사이에,김화요 글/오윤화 그림,웅진주니어,2021년 06월,10000.0
194,잘했고 잘하고 있고 잘 될 것이다 (스페셜 리미티드 에디션),정영욱 저,부크럼,2022년 10월,15000.0
195,우리는 모두 죽는다는 것을 기억하라,웨인 다이어 저/정지현 역,토네이도,2019년 11월,17000.0
196,"돈, 뜨겁게 사랑하고 차갑게 다루어라",앙드레 코스톨라니 저/한윤진 역,미래의창,2015년 09월,12000.0
197,파친코 2,이민진 저/신승미 역,인플루엔셜,2022년 08월,15800.0
198,고양이 해결사 깜냥 2,홍민정 글/김재희 그림,창비,2020년 10월,11000.0
199,스카이 버스,분당강쌤 저,다산에듀,2023년 01월,18000.0
200,슈뻘맨의 숨은 과학 찾기 1,"슈뻘맨 원저/서후 글/류수형 그림/샌드박스 네트워크,정재형 감수",미래엔아이세움,2023년 03월,14000.0
201,경제기사 궁금증 300문 300답,곽해선 저,혜다,2023년 02월,24000.0
202,백년운동,정선근 저,아티잔,2019년 11월,19500.0
203,2023 에듀윌 공인중개사 2차 2교시 단원별 기출문제집,"김민석,한영규 편저",에듀윌,2023년 01월,23000.0
204,흔한남매 12,흔한남매 원저/백난도 글/유난희 그림/흔한컴퍼니 감수,미래엔아이세움,2022년 11월,14500.0
205,만복이네 떡집,김리리 글/이승현 그림,비룡소,2010년 05월,11000.0
206,고양이 해결사 깜냥 4,홍민정 글/김재희 그림,창비,2022년 01월,11000.0
207,전태일 평전,조영래 저,아름다운전태일,2020년 09월,15000.0
208,2023 대한민국 산업지도,이래학 저,경이로움,2023년 01월,22000.0
209,파친코 1,이민진 저/신승미 역,인플루엔셜,2022년 07월,15800.0
210,설민석의 한국사 대모험 23 ,"스토리박스,설민석 글/정현희 그림/강석화 감수",단꿈아이,2022년 11월,13000.0
211,생각하라 그리고 부자가 되어라,나폴레온 힐 저/빌 하틀리 편/이한이 역,반니,2021년 01월,18000.0
212,정의란 무엇인가,마이클 샌델 저/김명철 역/김선욱 감수,와이즈베리,2014년 11월,15000.0
213,거의 모든 일상 표현의 영어,"케빈 강,해나 변 저",사람in,2022년 11월,17000.0
214,별의 커비 디스커버리 2,"다카세 미에 글/포토,가리노 타우 그림/현승희 역",해피북스투유,2023년 02월,13500.0
215,2023 심우철 실전 동형 모의고사 Season 2,심우철 저,심슨북스,2023년 02월,18000.0
216,푸른 사자 와니니,이현 글/오윤화 그림,창비,2015년 06월,10800.0
217,백년허리1 진단편,정선근 저,언탱글링,2021년 04월,18500.0
218,목련 만두,백유연 글그림,웅진주니어,2023년 03월,14000.0
219,공정하다는 착각,마이클 샌델 저/함규진 역,와이즈베리,2020년 12월,18000.0
220,원피스 ONE PIECE 104 ,오다 에이이치로 글그림,대원,2023년 02월,5500.0
221,2023 산업안전기사 실기[필답형+작업형]+무료동영상,최윤정 저,구민사,2023년 02월,42000.0
222,열방약국 말기암 통합요법 상담소,김훈하 저,리더북스,2023년 01월,15000.0
223,스틱!,"칩 히스,댄 히스 저/박슬라,안진환 역",웅진지식하우스,2022년 10월,19000.0
224,가재가 노래하는 곳,델리아 오언스 저/김선형 역,살림출판사,2019년 06월,16000.0
225,고양이 해결사 깜냥 3,홍민정 글/김재희 그림,창비,2021년 06월,11000.0
226,랑랑 형제 떡집,김리리 글/김이랑 그림,비룡소,2022년 10월,11000.0
227,달러구트 꿈 백화점 2 (레인보우 에디션),이미예 저,팩토리나인,2021년 07월,13800.0
228,초역 니체의 말,프리드리히 니체 저/시라토리 하루히코 편/박재현 역,삼호미디어,2022년 08월,15800.0
229,회복탄력성,김주환 저,위즈덤하우스,2019년 03월,14800.0
230,멘탈을 바꿔야 인생이 바뀐다,박세니 저,마인드셋(Mindset),2022년 04월,15800.0
231,마음의 법칙,"폴커 키츠,마누엘 투쉬 저/김희상 역",포레스트북스,2022년 02월,16000.0
232,파쇄,구병모 저,위즈덤하우스,2023년 03월,13000.0
233,미움받을 용기 (200만 부 기념 스페셜 에디션),"기시미 이치로,고가 후미타케 저/전경아 역/김정운 감수",인플루엔셜,2022년 12월,15900.0
234,꽃을 보듯 너를 본다,나태주 저,지혜,2015년 06월,11000.0
235,견딜 수 없는 사랑,이언 매큐언 저/한정아 역,복복서가,2023년 03월,16800.0
236,천하제일 치킨쇼,이희정 글/김무연 그림,비룡소,2023년 01월,12000.0
237,2023 문동균 한국사 D-30 문단속 모의고사,문동균 편저,에스티유니타스,2023년 02월,14000.0
238,아홉 살 마음 사전,박성우 글/김효은 그림,창비,2017년 03월,13000.0
239,해커스 보카 Hackers Vocabulary,David Cho 저,해커스어학연구소,2015년 07월,16900.0
240,임신 출산 육아 대백과,편집부 저,삼성출판사,2022년 07월,19500.0
241,오백 년째 열다섯,김혜정 저,위즈덤하우스,2022년 01월,12500.0
242,"2023 큰별쌤 최태성의 별별한국사 시대별 기출문제집 한국사능력검정시험 심화(1,2,3급)",최태성 저,이투스북,2022년 12월,19000.0
243,비상식적 성공 법칙,간다 마사노리 저/서승범 역,생각지도,2022년 06월,17000.0
244,순례 주택 (10만부 돌파 기념 스페셜 봄 에디션),유은실 저,비룡소,2023년 02월,13000.0
245,역사의 쓸모,최태성 저,다산초당,2019년 06월,15000.0
246,해커스 토익 실전 1000제 1 RC Reading 문제집 (리딩),해커스 어학연구소 저,해커스어학연구소,2023년 01월,11900.0
247,주식투자 최적의 타이밍을 잡는 법,스탠 와인스타인 저/우승택 역,플로우,2020년 12월,22000.0
248,챗GPT 사용설명서,송준용 저,여의도책방,2023년 03월,20000.0
249,해커스 토익 스타트 RC Reading (리딩),데이비드 조 저,해커스어학연구소,2020년 02월,14900.0
250,당연하게도 나는 너를,이꽃님 저,우리학교,2023년 03월,13500.0
251,인생의 역사,신형철 저,난다,2022년 10월,18000.0
252,오십이 앞으로 어떻게 살 거냐고 물었다,이관호 저,온더페이지,2023년 03월,17500.0
253,모든 꽃이 봄에 피지는 않는다,이다지 저,서삼독,2023년 01월,17500.0
254,28시간에 끝내는 토익스피킹 스타트,"황인기,시원스쿨어학연구소 저",시원스쿨닷컴,2022년 06월,17900.0
255,벚꽃 팝콘,백유연 글그림,웅진주니어,2020년 03월,13000.0
256,"어서 오세요, 휴남동 서점입니다",황보름 저,클레이하우스,2022년 01월,15000.0
257,이토록 공부가 재미있어지는 순간,박성혁 저,다산북스,2020년 07월,15000.0
258,챗GPT와 글쓰기,김철수 저,위키북스,2023년 02월,18000.0
259,부자의 그릇,이즈미 마사토 저/김윤수 역,다산북스,2020년 12월,15000.0
260,아이에게 주는 감정 유산 ,이남옥 저,라이프앤페이지,2023년 02월,17000.0
261,메타버스에선 무슨 일이 일어날까?,이동은 저,이지북,2022년 03월,13000.0
262,슬램덩크 그로부터 10일 후 (SLAM DUNK 10 DAYS AFTER),이노우에 타케히코 글그림,대원,2007년 11월,15000.0
263,2023 해커스경찰 갓대환 형사법 기본서 1권 형법,김대환 저,해커스경찰,2023년 01월,41000.0
264,하루 한장 초등 영어 파닉스+발음기호,이문필 저,키즈프렌즈,2022년 01월,14000.0
265,흔한남매 과학 탐험대 6 물리 2,"흔한남매 원저/권태균,이현진 글/김덕영 그림/최진수,권경아,김희목,정현철 기획",주니어김영사,2022년 11월,14000.0
266,데일리 필로소피,"라이언 홀리데이,스티븐 핸슬먼 저/장원철 역",다산초당,2021년 12월,18000.0
267,우리는 언제나 다시 만나,윤여림 글/안녕달 그림,위즈덤하우스,2017년 07월,12000.0
268,내가 알고 있는 걸 당신도 알게 된다면 (리커버 에디션) ,칼 필레머 저/박여진 역,토네이도,2022년 08월,17000.0
269,잊혀진 계절 1,김도형 저,에이에스,2022년 01월,18000.0
270,도쿄 리벤저스 30 ,와쿠이 켄 글그림,학산문화사,2023년 03월,6000.0
271,기억 전달자,로이스 라우리 저,비룡소,2007년 05월,12000.0
272,해커스 토익 실전 1000제 1 LC Listening 문제집 (리스닝),해커스 어학연구소 저,해커스어학연구소,2023년 01월,11900.0
273,멋진 신세계,올더스 헉슬리 저/안정효 역,소담출판사,2015년 06월,13800.0
274,알사탕,백희나 글그림,책읽는곰,2017년 03월,12000.0
275,감람 일러스트집 ROMANCE (로맨스),감람 저,테라코타,2023년 03월,33000.0
276,틀려도 괜찮아,마키타 신지 글/하세가와 토모코 그림/유문조 역,토토북,2006년 02월,12000.0
277,2023 전한길 한국사 실전형 봉투 모의고사,전한길 편저,전한길한국사,2023년 03월,12000.0
278,2023 해커스 현대자동차 생산인력·생산직 필기시험 한권완성,해커스 취업교육연구소 저,챔프스터디,2023년 02월,21000.0
279,2023 에듀윌 공인중개사 오시훈 키워드 암기장 부동산공법,오시훈 저,에듀윌,2023년 01월,15000.0
280,10배의 법칙,그랜트 카돈 저/최은아 역,부키,2022년 03월,16800.0
281,"어머니, 사교육을 줄이셔야 합니다",정승익 저,메이트북스,2023년 01월,17000.0
282,사계절 코바늘 플라워,박경조 저,한스미디어,2023년 02월,22000.0
283,2023 갓대환 형사법 기출총정리 & 최신기출문제 ,김대환 편저,멘토링,2023년 02월,84000.0
284,경제파국으로 치닫는 금융위기,최용식 저,새빛,2023년 01월,18000.0
285,모순,양귀자 저,쓰다,2013년 04월,13000.0
286,대화의 밀도,류재언 저,라이프레코드,2023년 01월,18000.0
287,그대 늙어가는 것이 아니라 익어가는 것이다,오평선 저,포레스트북스,2022년 12월,15800.0
288,별의 커비 디스커버리 1,"다카세 미에 글/가리노 타우,포토 그림/현승희 역",해피북스투유,2023년 01월,13500.0
289,심판,베르나르 베르베르 저/전미연 역,열린책들,2020년 08월,14800.0
290,수학은 암기다,김현정 저,한국경제신문사(한경비피),2023년 02월,16800.0
291,Do it! 점프 투 파이썬,박응용 저,이지스퍼블리싱,2019년 06월,18800.0
292,어떻게 말해줘야 할까,오은영 저/차상미 그림,김영사,2020년 10월,17500.0
293,슈퍼 히어로의 똥 닦는 법,안영은 글/최미란 그림,책읽는곰,2018년 04월,12000.0
294,흔한남매 수수께끼 어드벤처 1,"흔한남매 원저/노지영 글/도니패밀리 그림/흔한컴퍼니,정재형 감수",미래엔아이세움,2022년 09월,14000.0
295,지구 끝의 온실,김초엽 저,자이언트북스,2021년 08월,15000.0
296,[예스리커버] 이 책은 돈 버는 법에 관한 이야기 ,고명환 저,라곰,2022년 09월,16800.0
297,오버로드 16 (일러스트 카드집 부속 특별판),마루야마 쿠가네 저/so-bin 그림/김완 역,영상출판미디어,2023년 03월,20000.0
298,페인트,이희영 저,창비,2019년 04월,13000.0
299,가짜 모범생,손현주 저,특별한서재,2021년 10월,12000.0
